USE proyecto;

insert into Disciplina (nombre, responsable, imagen, descripcion) values ('Atletismo', 'Maddy Beret', '', 
'Contiene un conjunto de disciplinas agrupadas en carreras, saltos, lanzamientos, pruebas combinadas y marcha.');
insert into Disciplina (nombre, responsable, imagen, descripcion) values ('Boxeo', 'Griffin Olva', '', 
'Dos personas se enfrentan a golpes de puño con sus manos cubiertas por guantes y de acuerdo a determinadas reglas.');
insert into Disciplina (nombre, responsable, imagen, descripcion) values ('Triatlón', 'Mary Anselm', '', 
'Deporte individual, combinado y de resistencia que consta de tres segmentos: natación, ciclismo y carrera a pie.');
insert into Disciplina (nombre, responsable, imagen, descripcion) values ('Natación', 'Aymer Denna', '', 
'Práctica recreativa o deportiva del movimiento y desplazamiento sobre el agua, empleando sólo los brazos y las piernas.');
insert into Disciplina (nombre, responsable, imagen, descripcion) values ('Gimnasia', 'Charmaine Ansel', '', 
' Requiere una combinación de fuerza, balance, agilidad, y coordinación del cuerpo en el salón donde se practica.');
insert into Disciplina (nombre, responsable, imagen, descripcion) values ('Halterofilia', 'Gizela Dorrie', '', 
'Requiere de un gran entrenamiento de los músculos del cuerpo para adquirir la fuerza necesaria para los levantamientos.');
insert into Disciplina (nombre, responsable, imagen, descripcion) values ('Esgrima', 'Wilbert Luisa', '', 
'Deporte de combate, donde se enfrentan dos competidores, que deben intentar tocarse con un arma blanca.');
insert into Disciplina (nombre, responsable, imagen, descripcion) values ('Baloncesto', 'Karlik Chrystal', '', 
'Deporte de equipo en el que dos conjuntos de cinco jugadores cada uno, intentan anotar puntos.');
insert into Disciplina (nombre, responsable, imagen, descripcion) values ('Judo', 'Susanetta Smith', '', 
'Deporte de combate de origen japonés, puede traducirse como camino de la flexibilidad.');
insert into Disciplina (nombre, responsable, imagen, descripcion) values ('Taekwondo', 'Cosette Charo', '', 
'Deporte o arte utiliza diferentes técnicas de patada.');

insert into Usuario (correo, password, tipousuario) values ('admin@correo.com', '123456789', 'ADMIN');
insert into Usuario (correo, password, tipousuario) values ('c01@correo.com', '123456789', 'COMPETIDOR');
insert into Usuario (correo, password, tipousuario) values ('c02@correo.com', '123456789', 'COMPETIDOR');
insert into Usuario (correo, password, tipousuario) values ('c03@correo.com', '123456789', 'COMPETIDOR');
insert into Usuario (correo, password, tipousuario) values ('c04@correo.com', '123456789', 'COMPETIDOR');
insert into Usuario (correo, password, tipousuario) values ('c05@correo.com', '123456789', 'COMPETIDOR');
insert into Usuario (correo, password, tipousuario) values ('c06@correo.com', '123456789', 'COMPETIDOR');
insert into Usuario (correo, password, tipousuario) values ('c07@correo.com', '123456789', 'COMPETIDOR');
insert into Usuario (correo, password, tipousuario) values ('c08@correo.com', '123456789', 'COMPETIDOR');
insert into Usuario (correo, password, tipousuario) values ('c09@correo.com', '123456789', 'COMPETIDOR');
insert into Usuario (correo, password, tipousuario) values ('c10@correo.com', '123456789', 'COMPETIDOR');
insert into Usuario (correo, password, tipousuario) values ('c11@correo.com', '123456789', 'COMPETIDOR');
insert into Usuario (correo, password, tipousuario) values ('c12@correo.com', '123456789', 'COMPETIDOR');
insert into Usuario (correo, password, tipousuario) values ('c13@correo.com', '123456789', 'COMPETIDOR');
insert into Usuario (correo, password, tipousuario) values ('c14@correo.com', '123456789', 'COMPETIDOR');
insert into Usuario (correo, password, tipousuario) values ('c15@correo.com', '123456789', 'COMPETIDOR');
insert into Usuario (correo, password, tipousuario) values ('c16@correo.com', '123456789', 'COMPETIDOR');
insert into Usuario (correo, password, tipousuario) values ('c17@correo.com', '123456789', 'COMPETIDOR');
insert into Usuario (correo, password, tipousuario) values ('c18@correo.com', '123456789', 'COMPETIDOR');
insert into Usuario (correo, password, tipousuario) values ('c19@correo.com', '123456789', 'COMPETIDOR');
insert into Usuario (correo, password, tipousuario) values ('c20@correo.com', '123456789', 'COMPETIDOR');
insert into Usuario (correo, password, tipousuario) values ('c21@correo.com', '123456789', 'COMPETIDOR');
insert into Usuario (correo, password, tipousuario) values ('c22@correo.com', '123456789', 'COMPETIDOR');
insert into Usuario (correo, password, tipousuario) values ('c23@correo.com', '123456789', 'COMPETIDOR');
insert into Usuario (correo, password, tipousuario) values ('c24@correo.com', '123456789', 'COMPETIDOR');
insert into Usuario (correo, password, tipousuario) values ('c25@correo.com', '123456789', 'COMPETIDOR');
insert into Usuario (correo, password, tipousuario) values ('c26@correo.com', '123456789', 'COMPETIDOR');
insert into Usuario (correo, password, tipousuario) values ('c27@correo.com', '123456789', 'COMPETIDOR');
insert into Usuario (correo, password, tipousuario) values ('c28@correo.com', '123456789', 'COMPETIDOR');
insert into Usuario (correo, password, tipousuario) values ('c29@correo.com', '123456789', 'COMPETIDOR');
insert into Usuario (correo, password, tipousuario) values ('c30@correo.com', '123456789', 'COMPETIDOR');
insert into Usuario (correo, password, tipousuario) values ('c31@correo.com', '123456789', 'COMPETIDOR');
insert into Usuario (correo, password, tipousuario) values ('c32@correo.com', '123456789', 'COMPETIDOR');
insert into Usuario (correo, password, tipousuario) values ('c33@correo.com', '123456789', 'COMPETIDOR');
insert into Usuario (correo, password, tipousuario) values ('c34@correo.com', '123456789', 'COMPETIDOR');
insert into Usuario (correo, password, tipousuario) values ('c35@correo.com', '123456789', 'COMPETIDOR');
insert into Usuario (correo, password, tipousuario) values ('c36@correo.com', '123456789', 'COMPETIDOR');
insert into Usuario (correo, password, tipousuario) values ('c37@correo.com', '123456789', 'COMPETIDOR');
insert into Usuario (correo, password, tipousuario) values ('c38@correo.com', '123456789', 'COMPETIDOR');
insert into Usuario (correo, password, tipousuario) values ('c39@correo.com', '123456789', 'COMPETIDOR');
insert into Usuario (correo, password, tipousuario) values ('c40@correo.com', '123456789', 'COMPETIDOR');
insert into Usuario (correo, password, tipousuario) values ('c41@correo.com', '123456789', 'COMPETIDOR');
insert into Usuario (correo, password, tipousuario) values ('c42@correo.com', '123456789', 'COMPETIDOR');
insert into Usuario (correo, password, tipousuario) values ('c43@correo.com', '123456789', 'COMPETIDOR');
insert into Usuario (correo, password, tipousuario) values ('c44@correo.com', '123456789', 'COMPETIDOR');
insert into Usuario (correo, password, tipousuario) values ('c45@correo.com', '123456789', 'COMPETIDOR');
insert into Usuario (correo, password, tipousuario) values ('c46@correo.com', '123456789', 'COMPETIDOR');
insert into Usuario (correo, password, tipousuario) values ('c47@correo.com', '123456789', 'COMPETIDOR');
insert into Usuario (correo, password, tipousuario) values ('c48@correo.com', '123456789', 'COMPETIDOR');
insert into Usuario (correo, password, tipousuario) values ('c49@correo.com', '123456789', 'COMPETIDOR');
insert into Usuario (correo, password, tipousuario) values ('c50@correo.com', '123456789', 'COMPETIDOR');

insert into Usuario (correo, password, tipousuario) values ('e01@correo.com', '123456789', 'ENTRENADOR');
insert into Usuario (correo, password, tipousuario) values ('e02@correo.com', '123456789', 'ENTRENADOR');
insert into Usuario (correo, password, tipousuario) values ('e03@correo.com', '123456789', 'ENTRENADOR');
insert into Usuario (correo, password, tipousuario) values ('e04@correo.com', '123456789', 'ENTRENADOR');
insert into Usuario (correo, password, tipousuario) values ('e05@correo.com', '123456789', 'ENTRENADOR');
insert into Usuario (correo, password, tipousuario) values ('e06@correo.com', '123456789', 'ENTRENADOR');
insert into Usuario (correo, password, tipousuario) values ('e07@correo.com', '123456789', 'ENTRENADOR');
insert into Usuario (correo, password, tipousuario) values ('e08@correo.com', '123456789', 'ENTRENADOR');
insert into Usuario (correo, password, tipousuario) values ('e09@correo.com', '123456789', 'ENTRENADOR');
insert into Usuario (correo, password, tipousuario) values ('e10@correo.com', '123456789', 'ENTRENADOR');

insert into Usuario (correo, password, tipousuario) values ('j01@correo.com', '123456789', 'JUEZ');
insert into Usuario (correo, password, tipousuario) values ('j02@correo.com', '123456789', 'JUEZ');
insert into Usuario (correo, password, tipousuario) values ('j03@correo.com', '123456789', 'JUEZ');
insert into Usuario (correo, password, tipousuario) values ('j04@correo.com', '123456789', 'JUEZ');
insert into Usuario (correo, password, tipousuario) values ('j05@correo.com', '123456789', 'JUEZ');
insert into Usuario (correo, password, tipousuario) values ('j06@correo.com', '123456789', 'JUEZ');
insert into Usuario (correo, password, tipousuario) values ('j07@correo.com', '123456789', 'JUEZ');
insert into Usuario (correo, password, tipousuario) values ('j08@correo.com', '123456789', 'JUEZ');
insert into Usuario (correo, password, tipousuario) values ('j09@correo.com', '123456789', 'JUEZ');
insert into Usuario (correo, password, tipousuario) values ('j10@correo.com', '123456789', 'JUEZ');

insert into Usuario (correo, password, tipousuario) values ('j11@correo.com', '123456789', 'JUEZ');
insert into Usuario (correo, password, tipousuario) values ('j12@correo.com', '123456789', 'JUEZ');
insert into Usuario (correo, password, tipousuario) values ('j13@correo.com', '123456789', 'JUEZ');
insert into Usuario (correo, password, tipousuario) values ('j14@correo.com', '123456789', 'JUEZ');
insert into Usuario (correo, password, tipousuario) values ('j15@correo.com', '123456789', 'JUEZ');
insert into Usuario (correo, password, tipousuario) values ('j16@correo.com', '123456789', 'JUEZ');
insert into Usuario (correo, password, tipousuario) values ('j17@correo.com', '123456789', 'JUEZ');
insert into Usuario (correo, password, tipousuario) values ('j18@correo.com', '123456789', 'JUEZ');
insert into Usuario (correo, password, tipousuario) values ('j19@correo.com', '123456789', 'JUEZ');
insert into Usuario (correo, password, tipousuario) values ('j20@correo.com', '123456789', 'JUEZ');

insert into Usuario (correo, password, tipousuario) values ('j21@correo.com', '123456789', 'JUEZ');
insert into Usuario (correo, password, tipousuario) values ('j22@correo.com', '123456789', 'JUEZ');
insert into Usuario (correo, password, tipousuario) values ('j23@correo.com', '123456789', 'JUEZ');
insert into Usuario (correo, password, tipousuario) values ('j24@correo.com', '123456789', 'JUEZ');
insert into Usuario (correo, password, tipousuario) values ('j25@correo.com', '123456789', 'JUEZ');
insert into Usuario (correo, password, tipousuario) values ('j26@correo.com', '123456789', 'JUEZ');
insert into Usuario (correo, password, tipousuario) values ('j27@correo.com', '123456789', 'JUEZ');
insert into Usuario (correo, password, tipousuario) values ('j28@correo.com', '123456789', 'JUEZ');
insert into Usuario (correo, password, tipousuario) values ('j29@correo.com', '123456789', 'JUEZ');
insert into Usuario (correo, password, tipousuario) values ('j30@correo.com', '123456789', 'JUEZ');

insert into Competidor (idcompetidor, nombre, apellidop, apellidom, sexo, nacimiento, escuela, idusuario, iddisciplina) values ('108641373', 'Dun', 'Fley', 'Gresswood', 0, '10/4/1994', 'Facultad de Ciencias', 2, 1);
insert into Competidor (idcompetidor, nombre, apellidop, apellidom, sexo, nacimiento, escuela, idusuario, iddisciplina) values ('015933251', 'Rhona', 'Pohlke', 'Schukert', 1, '5/21/1998', 'Facultad de Derecho', 3, 2);
insert into Competidor (idcompetidor, nombre, apellidop, apellidom, sexo, nacimiento, escuela, idusuario, iddisciplina) values ('391647956', 'Cloe', 'Lamey', 'Visco', 1, '11/5/1993', 'Facultad de Arquitectura', 4, 3);
insert into Competidor (idcompetidor, nombre, apellidop, apellidom, sexo, nacimiento, escuela, idusuario, iddisciplina) values ('037139350', 'Nettie', 'Ranald', 'Dickerline', 1, '7/22/1995', 'FES Acatlán', 5, 4);
insert into Competidor (idcompetidor, nombre, apellidop, apellidom, sexo, nacimiento, escuela, idusuario, iddisciplina) values ('413317688', 'Bryana', 'Bartolijn', 'Bloan', 1, '8/17/1998', 'Facultad de Medicina', 6, 5);
insert into Competidor (idcompetidor, nombre, apellidop, apellidom, sexo, nacimiento, escuela, idusuario, iddisciplina) values ('501741535', 'Alfonso', 'Boak', 'Kleinhaut', 0, '7/13/1990', 'FES Aragón', 7, 6);
insert into Competidor (idcompetidor, nombre, apellidop, apellidom, sexo, nacimiento, escuela, idusuario, iddisciplina) values ('368217159', 'Kingston', 'Beacroft', 'Ipsley', 0, '4/25/1998', 'Facultad de Artes y Diseño', 8, 7);
insert into Competidor (idcompetidor, nombre, apellidop, apellidom, sexo, nacimiento, escuela, idusuario, iddisciplina) values ('534892811', 'Glen', 'Redparth', 'Quested', 0, '12/9/1997', 'Facultad de Medicina Veterinaria y Zootecnia', 9, 8);
insert into Competidor (idcompetidor, nombre, apellidop, apellidom, sexo, nacimiento, escuela, idusuario, iddisciplina) values ('697834291', 'Isaiah', 'Rosling', 'Tunuy', 0, '3/18/1999', 'Facultad de Ingeniería', 10, 9);
insert into Competidor (idcompetidor, nombre, apellidop, apellidom, sexo, nacimiento, escuela, idusuario, iddisciplina) values ('295553821', 'Celestyna', 'Aronstam', 'Spickett', 1, '5/15/1992', 'Facultad de Economía', 11, 10);

insert into Competidor (idcompetidor, nombre, apellidop, apellidom, sexo, nacimiento, escuela, idusuario, iddisciplina) values ('107641373', 'Juan Carlos', 'Guzmán', 'Salgado', 0, '10/4/1994', 'Facultad de Derecho', 12, 1);
insert into Competidor (idcompetidor, nombre, apellidop, apellidom, sexo, nacimiento, escuela, idusuario, iddisciplina) values ('105933251', 'Jorge', 'Pérez', 'Rojas', 0, '5/21/1998', 'Facultad de Arquitectura', 13, 2);
insert into Competidor (idcompetidor, nombre, apellidop, apellidom, sexo, nacimiento, escuela, idusuario, iddisciplina) values ('190647956', 'Demian', 'Ortiz', 'López', 0, '11/5/1993', 'Facultad de Medicina', 14, 3);
insert into Competidor (idcompetidor, nombre, apellidop, apellidom, sexo, nacimiento, escuela, idusuario, iddisciplina) values ('137039350', 'Ana María', 'Domínguez', 'Martínez', 1, '7/22/1995', 'Facultad de Artes y Diseño', 15, 4);
insert into Competidor (idcompetidor, nombre, apellidop, apellidom, sexo, nacimiento, escuela, idusuario, iddisciplina) values ('113307688', 'Estephanie', 'Sánchez', 'Aguirre', 1, '8/17/1998', 'Facultad de Medicina', 16, 5);
insert into Competidor (idcompetidor, nombre, apellidop, apellidom, sexo, nacimiento, escuela, idusuario, iddisciplina) values ('101740535', 'Alfonso', 'Rojas', 'Guzmán', 0, '7/13/1990', 'FES Aragón', 17, 6);
insert into Competidor (idcompetidor, nombre, apellidop, apellidom, sexo, nacimiento, escuela, idusuario, iddisciplina) values ('168217059', 'Ana', 'Alba', 'Alcántara', 1, '4/25/1998', 'Facultad de Artes y Diseño', 18, 7);
insert into Competidor (idcompetidor, nombre, apellidop, apellidom, sexo, nacimiento, escuela, idusuario, iddisciplina) values ('134892801', 'Bruno', 'Balboa', 'Bojórquez', 0, '12/9/1997', 'FES Aragón', 19, 8);
insert into Competidor (idcompetidor, nombre, apellidop, apellidom, sexo, nacimiento, escuela, idusuario, iddisciplina) values ('197834290', 'Carlos', 'Casas', 'Cortez', 0, '3/18/1999', 'Facultad de Economía', 20, 9);
insert into Competidor (idcompetidor, nombre, apellidop, apellidom, sexo, nacimiento, escuela, idusuario, iddisciplina) values ('195055382', 'Daniela', 'Díaz', 'Delgado', 1, '5/15/1992', 'Facultad de Ciencias', 21, 10);

insert into Competidor (idcompetidor, nombre, apellidop, apellidom, sexo, nacimiento, escuela, idusuario, iddisciplina) values ('210641379', 'Adriana', 'Hernandez', 'Monterroza', 1, '10/4/1994', 'Facultad de Derecho', 22, 1);
insert into Competidor (idcompetidor, nombre, apellidop, apellidom, sexo, nacimiento, escuela, idusuario, iddisciplina) values ('120933259', 'Alejandro', 'Abondano', 'Acevedo', 0, '5/21/1998', 'Facultad de Economía', 23, 2);
insert into Competidor (idcompetidor, nombre, apellidop, apellidom, sexo, nacimiento, escuela, idusuario, iddisciplina) values ('102647959', 'Andrea', 'Cruz', 'López', 1, '11/5/1993', 'Facultad de Medicina', 24, 3);
insert into Competidor (idcompetidor, nombre, apellidop, apellidom, sexo, nacimiento, escuela, idusuario, iddisciplina) values ('107239359', 'Camilo', 'Aristizabal', 'Martínez', 0, '7/22/1995', 'Facultad de Ciencias', 25, 4);
insert into Competidor (idcompetidor, nombre, apellidop, apellidom, sexo, nacimiento, escuela, idusuario, iddisciplina) values ('103327689', 'Carlos', 'Castaño', 'Aguirre', 0, '8/17/1998', 'Facultad de Medicina', 26, 5);
insert into Competidor (idcompetidor, nombre, apellidop, apellidom, sexo, nacimiento, escuela, idusuario, iddisciplina) values ('171742539', 'Carolina', 'Pintor', 'Guzmán', 1, '7/13/1990', 'FES Aragón', 27, 6);
insert into Competidor (idcompetidor, nombre, apellidop, apellidom, sexo, nacimiento, escuela, idusuario, iddisciplina) values ('108217257', 'Cinthya', 'Dussán', 'Alcántara', 1, '4/25/1998', 'Facultad de Artes y Diseño', 28, 7);
insert into Competidor (idcompetidor, nombre, apellidop, apellidom, sexo, nacimiento, escuela, idusuario, iddisciplina) values ('104892829', 'Cristina', 'Barthel', 'Bojórquez', 1, '12/9/1997', 'FES Aragón', 29, 8);
insert into Competidor (idcompetidor, nombre, apellidop, apellidom, sexo, nacimiento, escuela, idusuario, iddisciplina) values ('107834282', 'Daniel', 'Bravo', 'Cortez', 0, '3/18/1999', 'FES Aragón', 30, 9);
insert into Competidor (idcompetidor, nombre, apellidop, apellidom, sexo, nacimiento, escuela, idusuario, iddisciplina) values ('105525389', 'Diana', 'Rodriguez', 'Delgado', 1, '5/15/1992', 'Facultad de Ciencias', 31, 10);

insert into Competidor (idcompetidor, nombre, apellidop, apellidom, sexo, nacimiento, escuela, idusuario, iddisciplina) values ('313791064', 'Gabriela', 'Hernandez', 'Herrera', 1, '10/4/1994', 'Facultad de Derecho', 32, 1);
insert into Competidor (idcompetidor, nombre, apellidop, apellidom, sexo, nacimiento, escuela, idusuario, iddisciplina) values ('332591093', 'Diego', 'Peña', 'Acevedo', 0, '5/21/1998', 'Facultad de Economía', 33, 2);
insert into Competidor (idcompetidor, nombre, apellidop, apellidom, sexo, nacimiento, escuela, idusuario, iddisciplina) values ('793591064', 'Gloria', 'Cruz', 'Mendoza', 1, '11/5/1993', 'Facultad de Medicina', 34, 3);
insert into Competidor (idcompetidor, nombre, apellidop, apellidom, sexo, nacimiento, escuela, idusuario, iddisciplina) values ('935391073', 'Jorge', 'Orozco', 'Martínez', 0, '7/22/1995', 'Facultad de Economía', 35, 4);
insert into Competidor (idcompetidor, nombre, apellidop, apellidom, sexo, nacimiento, escuela, idusuario, iddisciplina) values ('768931033', 'Juan', 'Sánchez', 'Aguirre', 0, '8/17/1998', 'Facultad de Ciencias', 36, 5);
insert into Competidor (idcompetidor, nombre, apellidop, apellidom, sexo, nacimiento, escuela, idusuario, iddisciplina) values ('453913717', 'July', 'Pintor', 'Gonzalez', 1, '7/13/1990', 'FES Aragón', 37, 6);
insert into Competidor (idcompetidor, nombre, apellidop, apellidom, sexo, nacimiento, escuela, idusuario, iddisciplina) values ('175710382', 'Karen', 'Pulido', 'Romero', 1, '4/25/1998', 'Facultad de Artes y Diseño', 38, 7);
insert into Competidor (idcompetidor, nombre, apellidop, apellidom, sexo, nacimiento, escuela, idusuario, iddisciplina) values ('928910438', 'Laura', 'Puerto', 'Bojórquez', 1, '12/9/1997', 'FES Aragón', 39, 8);
insert into Competidor (idcompetidor, nombre, apellidop, apellidom, sexo, nacimiento, escuela, idusuario, iddisciplina) values ('342810783', 'Leonardo', 'Castro', 'Cortez', 0, '3/18/1999', 'FES Aragón', 40, 9);
insert into Competidor (idcompetidor, nombre, apellidop, apellidom, sexo, nacimiento, escuela, idusuario, iddisciplina) values ('538910535', 'Liseth', 'Sierra', 'Delgado', 1, '5/15/1992', 'Facultad de Economía', 41, 10);

insert into Competidor (idcompetidor, nombre, apellidop, apellidom, sexo, nacimiento, escuela, idusuario, iddisciplina) values ('464137910', 'Maria', 'Bolívar', 'Herrera', 1, '10/4/1994', 'Facultad de Ciencias', 42, 1);
insert into Competidor (idcompetidor, nombre, apellidop, apellidom, sexo, nacimiento, escuela, idusuario, iddisciplina) values ('943325910', 'Mario', 'Peña', 'Puentes', 0, '5/21/1998', 'Facultad de Economía', 43, 2);
insert into Competidor (idcompetidor, nombre, apellidop, apellidom, sexo, nacimiento, escuela, idusuario, iddisciplina) values ('644795910', 'Mariana', 'Cruz', 'Santos', 1, '11/5/1993', 'Facultad de Ingeniería', 44, 3);
insert into Competidor (idcompetidor, nombre, apellidop, apellidom, sexo, nacimiento, escuela, idusuario, iddisciplina) values ('739435910', 'Sebastian', 'Orozco', 'Martínez', 0, '7/22/1995', 'Facultad de Ciencias', 45, 4);
insert into Competidor (idcompetidor, nombre, apellidop, apellidom, sexo, nacimiento, escuela, idusuario, iddisciplina) values ('337648910', 'Oscar', 'Puentes', 'Zambrano', 0, '8/17/1998', 'Facultad de Medicina', 46, 5);
insert into Competidor (idcompetidor, nombre, apellidop, apellidom, sexo, nacimiento, escuela, idusuario, iddisciplina) values ('174534917', 'Pilar', 'Muñoz', 'Gonzalez', 1, '7/13/1990', 'Facultad de Medicina', 47, 6);
insert into Competidor (idcompetidor, nombre, apellidop, apellidom, sexo, nacimiento, escuela, idusuario, iddisciplina) values ('821757410', 'Natalia', 'Contreras', 'Romero', 1, '4/25/1998', 'Facultad de Ingeniería', 48, 7);
insert into Competidor (idcompetidor, nombre, apellidop, apellidom, sexo, nacimiento, escuela, idusuario, iddisciplina) values ('489289140', 'Olga', 'Puerto', 'Saman', 1, '12/9/1997', 'FES Aragón', 49, 8);
insert into Competidor (idcompetidor, nombre, apellidop, apellidom, sexo, nacimiento, escuela, idusuario, iddisciplina) values ('783428104', 'Ricardo', 'Zambrano', 'Cortez', 0, '3/18/1999', 'FES Aragón', 50, 9);
insert into Competidor (idcompetidor, nombre, apellidop, apellidom, sexo, nacimiento, escuela, idusuario, iddisciplina) values ('555389140', 'Sandra', 'Garcés', 'Delgado', 1, '5/15/1992', 'Facultad de Ciencias', 51, 10);

insert into Entrenador (nombre, apellidop, apellidom, idusuario) values ('Warde', 'Orozco', 'Torres', 52);
insert into Entrenador (nombre, apellidop, apellidom, idusuario) values ('Vida', 'Mendoza', 'Contreras', 53);
insert into Entrenador (nombre, apellidop, apellidom, idusuario) values ('Carol', 'Hernández', 'Luna', 54);
insert into Entrenador (nombre, apellidop, apellidom, idusuario) values ('Sydelle', 'Cortes', 'Farland', 55);
insert into Entrenador (nombre, apellidop, apellidom, idusuario) values ('Diana', 'Moreno', 'Pigeon', 56);
insert into Entrenador (nombre, apellidop, apellidom, idusuario) values ('Fabiana', 'Castellanos', 'Wasylkiewicz', 57);
insert into Entrenador (nombre, apellidop, apellidom, idusuario) values ('Ingrid', 'García', 'Myhan', 58);
insert into Entrenador (nombre, apellidop, apellidom, idusuario) values ('Jorge', 'Sanchez', 'Velasco', 59);
insert into Entrenador (nombre, apellidop, apellidom, idusuario) values ('Juan', 'Escobar', 'Rojas', 60);
insert into Entrenador (nombre, apellidop, apellidom, idusuario) values ('Ines', 'Torres', 'Solano', 61);

insert into Asesorar (idcompetidor, identrenador) values ('108641373', 1);
insert into Asesorar (idcompetidor, identrenador) values ('015933251', 2);
insert into Asesorar (idcompetidor, identrenador) values ('391647956', 3);
insert into Asesorar (idcompetidor, identrenador) values ('037139350', 4);
insert into Asesorar (idcompetidor, identrenador) values ('413317688', 5);
insert into Asesorar (idcompetidor, identrenador) values ('501741535', 6);
insert into Asesorar (idcompetidor, identrenador) values ('368217159', 7);
insert into Asesorar (idcompetidor, identrenador) values ('534892811', 8);
insert into Asesorar (idcompetidor, identrenador) values ('697834291', 9);
insert into Asesorar (idcompetidor, identrenador) values ('295553821', 10);

insert into Asesorar (idcompetidor, identrenador) values ('107641373', 1);
insert into Asesorar (idcompetidor, identrenador) values ('105933251', 2);
insert into Asesorar (idcompetidor, identrenador) values ('190647956', 3);
insert into Asesorar (idcompetidor, identrenador) values ('137039350', 4);
insert into Asesorar (idcompetidor, identrenador) values ('113307688', 5);
insert into Asesorar (idcompetidor, identrenador) values ('101740535', 6);
insert into Asesorar (idcompetidor, identrenador) values ('168217059', 7);
insert into Asesorar (idcompetidor, identrenador) values ('134892801', 8);
insert into Asesorar (idcompetidor, identrenador) values ('197834290', 9);
insert into Asesorar (idcompetidor, identrenador) values ('195055382', 10);

insert into Asesorar (idcompetidor, identrenador) values ('210641379', 1);
insert into Asesorar (idcompetidor, identrenador) values ('120933259', 2);
insert into Asesorar (idcompetidor, identrenador) values ('102647959', 3);
insert into Asesorar (idcompetidor, identrenador) values ('107239359', 4);
insert into Asesorar (idcompetidor, identrenador) values ('103327689', 5);
insert into Asesorar (idcompetidor, identrenador) values ('171742539', 6);
insert into Asesorar (idcompetidor, identrenador) values ('108217257', 7);
insert into Asesorar (idcompetidor, identrenador) values ('104892829', 8);
insert into Asesorar (idcompetidor, identrenador) values ('107834282', 9);
insert into Asesorar (idcompetidor, identrenador) values ('105525389', 10);

insert into Asesorar (idcompetidor, identrenador) values ('313791064', 1);
insert into Asesorar (idcompetidor, identrenador) values ('332591093', 2);
insert into Asesorar (idcompetidor, identrenador) values ('793591064', 3);
insert into Asesorar (idcompetidor, identrenador) values ('935391073', 4);
insert into Asesorar (idcompetidor, identrenador) values ('768931033', 5);
insert into Asesorar (idcompetidor, identrenador) values ('453913717', 6);
insert into Asesorar (idcompetidor, identrenador) values ('175710382', 7);
insert into Asesorar (idcompetidor, identrenador) values ('928910438', 8);
insert into Asesorar (idcompetidor, identrenador) values ('342810783', 9);
insert into Asesorar (idcompetidor, identrenador) values ('538910535', 10);

insert into Asesorar (idcompetidor, identrenador) values ('464137910', 1);
insert into Asesorar (idcompetidor, identrenador) values ('943325910', 2);
insert into Asesorar (idcompetidor, identrenador) values ('644795910', 3);
insert into Asesorar (idcompetidor, identrenador) values ('739435910', 4);
insert into Asesorar (idcompetidor, identrenador) values ('337648910', 5);
insert into Asesorar (idcompetidor, identrenador) values ('174534917', 6);
insert into Asesorar (idcompetidor, identrenador) values ('821757410', 7);
insert into Asesorar (idcompetidor, identrenador) values ('489289140', 8);
insert into Asesorar (idcompetidor, identrenador) values ('783428104', 9);
insert into Asesorar (idcompetidor, identrenador) values ('555389140', 10);

insert into Juez (nombre, apellidop, apellidom, iddisciplina, idusuario) values ('Norton', 'Lazonby', 'Bailes', 1, 62);
insert into Juez (nombre, apellidop, apellidom, iddisciplina, idusuario) values ('Perla', 'Scadden', 'Esslemont', 2, 63);
insert into Juez (nombre, apellidop, apellidom, iddisciplina, idusuario) values ('Cherri', 'Maiden', 'Pinilla', 3, 64);
insert into Juez (nombre, apellidop, apellidom, iddisciplina, idusuario) values ('Modesta', 'Hawarden', 'Maulden', 4, 65);
insert into Juez (nombre, apellidop, apellidom, iddisciplina, idusuario) values ('Isobel', 'Dreelan', 'Volkers', 5, 66);
insert into Juez (nombre, apellidop, apellidom, iddisciplina, idusuario) values ('Traver', 'Howett', 'Bunclark', 6, 67);
insert into Juez (nombre, apellidop, apellidom, iddisciplina, idusuario) values ('Jayson', 'Espinal', 'Bashford', 7, 68);
insert into Juez (nombre, apellidop, apellidom, iddisciplina, idusuario) values ('Mar', 'Latchford', 'Kneal', 8, 69);
insert into Juez (nombre, apellidop, apellidom, iddisciplina, idusuario) values ('Lib', 'Rickford', 'Lusk', 9, 70);
insert into Juez (nombre, apellidop, apellidom, iddisciplina, idusuario) values ('Sterne', 'Mathys', 'Ochoa', 10, 71);

insert into Juez (nombre, apellidop, apellidom, iddisciplina, idusuario) values ('Juan', 'Villamil', 'Galeano', 1, 72);
insert into Juez (nombre, apellidop, apellidom, iddisciplina, idusuario) values ('Julián', 'Mendoza', 'García', 2, 73);
insert into Juez (nombre, apellidop, apellidom, iddisciplina, idusuario) values ('Juliana', 'Barbudo', 'Pinilla', 3, 74);
insert into Juez (nombre, apellidop, apellidom, iddisciplina, idusuario) values ('Karen', 'Galeano', 'Maulden', 4, 75);
insert into Juez (nombre, apellidop, apellidom, iddisciplina, idusuario) values ('Laura', 'García', 'Barrera', 5, 76);
insert into Juez (nombre, apellidop, apellidom, iddisciplina, idusuario) values ('Lina', 'Peña', 'Rodríguez', 6, 77);
insert into Juez (nombre, apellidop, apellidom, iddisciplina, idusuario) values ('Luisa', 'Espinal', 'Bashford', 7, 78);
insert into Juez (nombre, apellidop, apellidom, iddisciplina, idusuario) values ('Marcela', 'Parra', 'Torres', 8, 79);
insert into Juez (nombre, apellidop, apellidom, iddisciplina, idusuario) values ('Maria', 'Ochoa', 'Lusk', 9, 80);
insert into Juez (nombre, apellidop, apellidom, iddisciplina, idusuario) values ('Mario', 'Castillo', 'Sowerbutts', 10, 81);

insert into Juez (nombre, apellidop, apellidom, iddisciplina, idusuario) values ('Mónica', 'Lazonby', 'Bailes', 1, 82);
insert into Juez (nombre, apellidop, apellidom, iddisciplina, idusuario) values ('Natalia', 'Scadden', 'Mendoza', 2, 83);
insert into Juez (nombre, apellidop, apellidom, iddisciplina, idusuario) values ('Olga', 'Maiden', 'Parra', 3, 84);
insert into Juez (nombre, apellidop, apellidom, iddisciplina, idusuario) values ('Modesta', 'Barrera', 'Maulden', 4, 85);
insert into Juez (nombre, apellidop, apellidom, iddisciplina, idusuario) values ('Pablo', 'Rodríguez', 'Galeano', 5, 86);
insert into Juez (nombre, apellidop, apellidom, iddisciplina, idusuario) values ('Paola', 'Howett', 'Peña', 6, 87);
insert into Juez (nombre, apellidop, apellidom, iddisciplina, idusuario) values ('Rafael', 'Espinal', 'Bashford', 7, 88);
insert into Juez (nombre, apellidop, apellidom, iddisciplina, idusuario) values ('Ricardo', 'Camacho', 'García', 8, 89);
insert into Juez (nombre, apellidop, apellidom, iddisciplina, idusuario) values ('Sebastián', 'Castillo', 'Mendoza', 9, 90);
insert into Juez (nombre, apellidop, apellidom, iddisciplina, idusuario) values ('Yuri', 'Parra', 'Torres', 10, 91);


-- 10
insert into Calificacion (comentario, calificacion, idcompetidor, idjuez, iddisciplina) values ('Bien hecho', 8.6, '108641373', 1, 1);
insert into Calificacion (comentario, calificacion, idcompetidor, idjuez, iddisciplina) values ('Falta trabajar más', 5.8, '015933251', 2, 2);
insert into Calificacion (comentario, calificacion, idcompetidor, idjuez, iddisciplina) values ('Bien hecho', 8.6, '391647956', 3, 3);
insert into Calificacion (comentario, calificacion, idcompetidor, idjuez, iddisciplina) values ('Muy bien', 8.9, '037139350', 4, 4);
insert into Calificacion (comentario, calificacion, idcompetidor, idjuez, iddisciplina) values ('Suerte para la próxima', 5.0, '413317688', 5, 5);
insert into Calificacion (comentario, calificacion, idcompetidor, idjuez, iddisciplina) values ('Buen trabajo', 9.1, '501741535', 6, 6);
insert into Calificacion (comentario, calificacion, idcompetidor, idjuez, iddisciplina) values ('Felicidades y buen trabajo', 9.3, '368217159', 7, 7);
insert into Calificacion (comentario, calificacion, idcompetidor, idjuez, iddisciplina) values ('Gran logro', 9.6, '534892811', 8, 8);
insert into Calificacion (comentario, calificacion, idcompetidor, idjuez, iddisciplina) values ('Gran logro', 9.6, '697834291', 9, 9);
insert into Calificacion (comentario, calificacion, idcompetidor, idjuez, iddisciplina) values ('Bien hecho', 8.6, '295553821', 10, 10);

insert into Calificacion (comentario, calificacion, idcompetidor, idjuez, iddisciplina) values ('Buen trabajo', 9.1, '108641373', 11, 1);
insert into Calificacion (comentario, calificacion, idcompetidor, idjuez, iddisciplina) values ('Suerte para la próxima', 5.0, '015933251', 12, 2);
insert into Calificacion (comentario, calificacion, idcompetidor, idjuez, iddisciplina) values ('Bien hecho', 8.6, '391647956', 13, 3);
insert into Calificacion (comentario, calificacion, idcompetidor, idjuez, iddisciplina) values ('Felicidades y buen trabajo', 9.3, '037139350', 14, 4);
insert into Calificacion (comentario, calificacion, idcompetidor, idjuez, iddisciplina) values ('Muy bien', 8.9, '413317688', 15, 5);
insert into Calificacion (comentario, calificacion, idcompetidor, idjuez, iddisciplina) values ('Bien hecho', 8.6, '501741535', 16, 6);
insert into Calificacion (comentario, calificacion, idcompetidor, idjuez, iddisciplina) values ('Gran logro', 9.6, '368217159', 17, 7);
insert into Calificacion (comentario, calificacion, idcompetidor, idjuez, iddisciplina) values ('Falta trabajar más', 5.8, '534892811', 18, 8);
insert into Calificacion (comentario, calificacion, idcompetidor, idjuez, iddisciplina) values ('Buen trabajo', 9.1, '697834291', 19, 9);
insert into Calificacion (comentario, calificacion, idcompetidor, idjuez, iddisciplina) values ('Bien hecho', 8.6, '295553821', 20, 10);

insert into Calificacion (comentario, calificacion, idcompetidor, idjuez, iddisciplina) values ('Buen trabajo', 9.1, '108641373', 21, 1);
insert into Calificacion (comentario, calificacion, idcompetidor, idjuez, iddisciplina) values ('Buen trabajo', 9.1, '015933251', 22, 2);
insert into Calificacion (comentario, calificacion, idcompetidor, idjuez, iddisciplina) values ('Bien hecho', 8.6, '391647956', 23, 3);
insert into Calificacion (comentario, calificacion, idcompetidor, idjuez, iddisciplina) values ('Gran logro', 9.6, '037139350', 24, 4);
insert into Calificacion (comentario, calificacion, idcompetidor, idjuez, iddisciplina) values ('Muy bien', 8.9, '413317688', 25, 5);
insert into Calificacion (comentario, calificacion, idcompetidor, idjuez, iddisciplina) values ('Falta trabajar más', 5.8, '501741535', 26, 6);
insert into Calificacion (comentario, calificacion, idcompetidor, idjuez, iddisciplina) values ('Suerte para la próxima', 5.0, '368217159', 27, 7);
insert into Calificacion (comentario, calificacion, idcompetidor, idjuez, iddisciplina) values ('Gran logro', 9.6, '534892811', 28, 8);
insert into Calificacion (comentario, calificacion, idcompetidor, idjuez, iddisciplina) values ('Bien hecho', 8.6, '697834291', 29, 9);
;

-- 20
insert into Calificacion (comentario, calificacion, idcompetidor, idjuez, iddisciplina) values ('Felicidades', 9.8, '107641373', 1, 1);
insert into Calificacion (comentario, calificacion, idcompetidor, idjuez, iddisciplina) values ('Muy bien', 8.9, '105933251', 2, 2);
insert into Calificacion (comentario, calificacion, idcompetidor, idjuez, iddisciplina) values ('Bien hecho', 8.6, '190647956', 3, 3);
insert into Calificacion (comentario, calificacion, idcompetidor, idjuez, iddisciplina) values ('Felicidades y buen trabajo', 9.3, '137039350', 4, 4);
insert into Calificacion (comentario, calificacion, idcompetidor, idjuez, iddisciplina) values ('Gran logro', 9.6, '113307688', 5, 5);
insert into Calificacion (comentario, calificacion, idcompetidor, idjuez, iddisciplina) values ('Buen trabajo', 9.1, '101740535', 6, 6);
insert into Calificacion (comentario, calificacion, idcompetidor, idjuez, iddisciplina) values ('Bien hecho', 8.6, '168217059', 7, 7);
insert into Calificacion (comentario, calificacion, idcompetidor, idjuez, iddisciplina) values ('Falta trabajar más', 5.8, '134892801', 8, 8);
insert into Calificacion (comentario, calificacion, idcompetidor, idjuez, iddisciplina) values ('Buen desempeño', 8.0, '197834290', 9, 9);
insert into Calificacion (comentario, calificacion, idcompetidor, idjuez, iddisciplina) values ('Buen trabajo', 9.1, '195055382', 10, 10);

insert into Calificacion (comentario, calificacion, idcompetidor, idjuez, iddisciplina) values ('Felicidades', 9.8, '107641373', 11, 1);
insert into Calificacion (comentario, calificacion, idcompetidor, idjuez, iddisciplina) values ('Muy bien', 8.9, '105933251', 12, 2);
insert into Calificacion (comentario, calificacion, idcompetidor, idjuez, iddisciplina) values ('Buen desempeño', 8.0, '190647956', 13, 3);
insert into Calificacion (comentario, calificacion, idcompetidor, idjuez, iddisciplina) values ('Buen trabajo', 9.1, '137039350', 14, 4);
insert into Calificacion (comentario, calificacion, idcompetidor, idjuez, iddisciplina) values ('Falta trabajar más', 5.8, '113307688', 15, 5);
insert into Calificacion (comentario, calificacion, idcompetidor, idjuez, iddisciplina) values ('Buen desempeño', 8.0, '101740535', 16, 6);
insert into Calificacion (comentario, calificacion, idcompetidor, idjuez, iddisciplina) values ('Bien hecho', 8.6, '168217059', 17, 7);
insert into Calificacion (comentario, calificacion, idcompetidor, idjuez, iddisciplina) values ('Falta trabajar más', 5.8, '134892801', 18, 8);
insert into Calificacion (comentario, calificacion, idcompetidor, idjuez, iddisciplina) values ('Gran logro', 9.6, '197834290', 19, 9);
insert into Calificacion (comentario, calificacion, idcompetidor, idjuez, iddisciplina) values ('Buen desempeño', 8.0, '195055382', 20, 10);

insert into Calificacion (comentario, calificacion, idcompetidor, idjuez, iddisciplina) values ('Buen trabajo', 9.1, '107641373', 21, 1);
insert into Calificacion (comentario, calificacion, idcompetidor, idjuez, iddisciplina) values ('Muy bien', 8.9, '105933251', 22, 2);
insert into Calificacion (comentario, calificacion, idcompetidor, idjuez, iddisciplina) values ('Bien hecho', 8.6, '190647956', 23, 3);
insert into Calificacion (comentario, calificacion, idcompetidor, idjuez, iddisciplina) values ('Gran logro', 9.6, '137039350', 24, 4);
insert into Calificacion (comentario, calificacion, idcompetidor, idjuez, iddisciplina) values ('Falta trabajar más', 5.8, '113307688', 25, 5);
insert into Calificacion (comentario, calificacion, idcompetidor, idjuez, iddisciplina) values ('Bien hecho', 8.6, '101740535', 26, 6);
insert into Calificacion (comentario, calificacion, idcompetidor, idjuez, iddisciplina) values ('Felicidades', 9.8, '168217059', 27, 7);
insert into Calificacion (comentario, calificacion, idcompetidor, idjuez, iddisciplina) values ('Bien hecho', 8.6, '134892801', 28, 8);
insert into Calificacion (comentario, calificacion, idcompetidor, idjuez, iddisciplina) values ('Buen trabajo', 9.1, '197834290', 29, 9);

-- 30
insert into Calificacion (comentario, calificacion, idcompetidor, idjuez, iddisciplina) values ('Felicidades', 9.8, '210641379', 1, 1);
insert into Calificacion (comentario, calificacion, idcompetidor, idjuez, iddisciplina) values ('Bien hecho', 8.6, '120933259', 2, 2);
insert into Calificacion (comentario, calificacion, idcompetidor, idjuez, iddisciplina) values ('Buen trabajo', 9.1, '102647959', 3, 3);
insert into Calificacion (comentario, calificacion, idcompetidor, idjuez, iddisciplina) values ('Buen desempeño', 8.0, '107239359', 4, 4);
insert into Calificacion (comentario, calificacion, idcompetidor, idjuez, iddisciplina) values ('Gran logro', 9.6, '103327689', 5, 5);
insert into Calificacion (comentario, calificacion, idcompetidor, idjuez, iddisciplina) values ('Felicidades y buen trabajo', 9.3, '171742539', 6, 6);
insert into Calificacion (comentario, calificacion, idcompetidor, idjuez, iddisciplina) values ('Bien hecho', 8.6, '108217257', 7, 7);
insert into Calificacion (comentario, calificacion, idcompetidor, idjuez, iddisciplina) values ('Muy bien', 8.9, '104892829', 8, 8);
insert into Calificacion (comentario, calificacion, idcompetidor, idjuez, iddisciplina) values ('Buen trabajo', 9.1, '107834282', 9, 9);
insert into Calificacion (comentario, calificacion, idcompetidor, idjuez, iddisciplina) values ('Bien hecho', 8.6, '105525389', 10, 10);

insert into Calificacion (comentario, calificacion, idcompetidor, idjuez, iddisciplina) values ('Felicidades', 9.8, '210641379', 11, 1);
insert into Calificacion (comentario, calificacion, idcompetidor, idjuez, iddisciplina) values ('Falta trabajar más', 5.8, '120933259', 12, 2);
insert into Calificacion (comentario, calificacion, idcompetidor, idjuez, iddisciplina) values ('Gran logro', 9.6, '102647959', 13, 3);
insert into Calificacion (comentario, calificacion, idcompetidor, idjuez, iddisciplina) values ('Buen trabajo', 9.1, '107239359', 14, 4);
insert into Calificacion (comentario, calificacion, idcompetidor, idjuez, iddisciplina) values ('Buen desempeño', 8.0, '103327689', 15, 5);
insert into Calificacion (comentario, calificacion, idcompetidor, idjuez, iddisciplina) values ('Falta trabajar más', 5.8, '171742539', 16, 6);
insert into Calificacion (comentario, calificacion, idcompetidor, idjuez, iddisciplina) values ('Felicidades', 9.8, '108217257', 17, 7);
insert into Calificacion (comentario, calificacion, idcompetidor, idjuez, iddisciplina) values ('Bien hecho', 8.6, '104892829', 18, 8);
insert into Calificacion (comentario, calificacion, idcompetidor, idjuez, iddisciplina) values ('Bien hecho', 8.6, '107834282', 19, 9);
insert into Calificacion (comentario, calificacion, idcompetidor, idjuez, iddisciplina) values ('Bien hecho', 8.6, '105525389', 20, 10);

insert into Calificacion (comentario, calificacion, idcompetidor, idjuez, iddisciplina) values ('Gran logro', 9.6, '210641379', 21, 1);
insert into Calificacion (comentario, calificacion, idcompetidor, idjuez, iddisciplina) values ('Buen desempeño', 8.0, '120933259', 22, 2);
insert into Calificacion (comentario, calificacion, idcompetidor, idjuez, iddisciplina) values ('Muy bien', 8.9, '102647959', 23, 3);
insert into Calificacion (comentario, calificacion, idcompetidor, idjuez, iddisciplina) values ('Buen trabajo', 9.1, '107239359', 24, 4);
insert into Calificacion (comentario, calificacion, idcompetidor, idjuez, iddisciplina) values ('Suerte para la próxima', 5.0, '103327689', 25, 5);
insert into Calificacion (comentario, calificacion, idcompetidor, idjuez, iddisciplina) values ('Bien hecho', 8.6, '171742539', 26, 6);
insert into Calificacion (comentario, calificacion, idcompetidor, idjuez, iddisciplina) values ('Felicidades y buen trabajo', 9.3, '108217257', 27, 7);
insert into Calificacion (comentario, calificacion, idcompetidor, idjuez, iddisciplina) values ('Bien hecho', 8.6, '104892829', 28, 8);
insert into Calificacion (comentario, calificacion, idcompetidor, idjuez, iddisciplina) values ('Felicidades', 9.8, '107834282', 29, 9);

-- 40
insert into Calificacion (comentario, calificacion, idcompetidor, idjuez, iddisciplina) values ('Buen desempeño', 8.0, '313791064', 1, 1);
insert into Calificacion (comentario, calificacion, idcompetidor, idjuez, iddisciplina) values ('Falta trabajar más', 5.8, '332591093', 2, 2);
insert into Calificacion (comentario, calificacion, idcompetidor, idjuez, iddisciplina) values ('Bien hecho', 8.6, '793591064', 3, 3);
insert into Calificacion (comentario, calificacion, idcompetidor, idjuez, iddisciplina) values ('Gran logro', 9.6, '935391073', 4, 4);
insert into Calificacion (comentario, calificacion, idcompetidor, idjuez, iddisciplina) values ('Buen trabajo', 9.1, '768931033', 5, 5);
insert into Calificacion (comentario, calificacion, idcompetidor, idjuez, iddisciplina) values ('Felicidades', 9.8, '453913717', 6, 6);
insert into Calificacion (comentario, calificacion, idcompetidor, idjuez, iddisciplina) values ('Bien hecho', 8.6, '175710382', 7, 7);
insert into Calificacion (comentario, calificacion, idcompetidor, idjuez, iddisciplina) values ('Muy bien', 8.9, '928910438', 8, 8);
insert into Calificacion (comentario, calificacion, idcompetidor, idjuez, iddisciplina) values ('Buen trabajo', 9.1, '342810783', 9, 9);
insert into Calificacion (comentario, calificacion, idcompetidor, idjuez, iddisciplina) values ('Buen desempeño', 8.0, '538910535', 10, 10);

insert into Calificacion (comentario, calificacion, idcompetidor, idjuez, iddisciplina) values ('Gran logro', 9.6, '313791064', 11, 1);
insert into Calificacion (comentario, calificacion, idcompetidor, idjuez, iddisciplina) values ('Bien hecho', 8.6, '332591093', 12, 2);
insert into Calificacion (comentario, calificacion, idcompetidor, idjuez, iddisciplina) values ('Muy bien', 8.9, '793591064', 13, 3);
insert into Calificacion (comentario, calificacion, idcompetidor, idjuez, iddisciplina) values ('Felicidades', 9.8, '935391073', 14, 4);
insert into Calificacion (comentario, calificacion, idcompetidor, idjuez, iddisciplina) values ('Bien hecho', 8.6, '768931033', 15, 5);
insert into Calificacion (comentario, calificacion, idcompetidor, idjuez, iddisciplina) values ('Bien hecho', 8.6, '453913717', 16, 6);
insert into Calificacion (comentario, calificacion, idcompetidor, idjuez, iddisciplina) values ('Felicidades y buen trabajo', 9.3, '175710382', 17, 7);
insert into Calificacion (comentario, calificacion, idcompetidor, idjuez, iddisciplina) values ('Buen desempeño', 8.0, '928910438', 18, 8);
insert into Calificacion (comentario, calificacion, idcompetidor, idjuez, iddisciplina) values ('Buen trabajo', 9.1, '342810783', 19, 9);
insert into Calificacion (comentario, calificacion, idcompetidor, idjuez, iddisciplina) values ('Suerte para la próxima', 5.0, '538910535', 20, 10);

insert into Calificacion (comentario, calificacion, idcompetidor, idjuez, iddisciplina) values ('Buen trabajo', 9.1, '313791064', 21, 1);
insert into Calificacion (comentario, calificacion, idcompetidor, idjuez, iddisciplina) values ('Bien hecho', 8.6, '332591093', 22, 2);
insert into Calificacion (comentario, calificacion, idcompetidor, idjuez, iddisciplina) values ('Buen desempeño', 8.0, '793591064', 23, 3);
insert into Calificacion (comentario, calificacion, idcompetidor, idjuez, iddisciplina) values ('Felicidades', 9.8, '935391073', 24, 4);
insert into Calificacion (comentario, calificacion, idcompetidor, idjuez, iddisciplina) values ('Gran logro', 9.6, '768931033', 25, 5);
insert into Calificacion (comentario, calificacion, idcompetidor, idjuez, iddisciplina) values ('Falta trabajar más', 5.8, '453913717', 26, 6);
insert into Calificacion (comentario, calificacion, idcompetidor, idjuez, iddisciplina) values ('Felicidades', 9.8, '175710382', 27, 7);
insert into Calificacion (comentario, calificacion, idcompetidor, idjuez, iddisciplina) values ('Buen trabajo', 9.1, '928910438', 28, 8);
insert into Calificacion (comentario, calificacion, idcompetidor, idjuez, iddisciplina) values ('Bien hecho', 8.6, '342810783', 29, 9);

-- 50
insert into Calificacion (comentario, calificacion, idcompetidor, idjuez, iddisciplina) values ('Bien hecho', 8.6, '464137910', 1, 1);
insert into Calificacion (comentario, calificacion, idcompetidor, idjuez, iddisciplina) values ('Felicidades', 9.8, '943325910', 2, 2);
insert into Calificacion (comentario, calificacion, idcompetidor, idjuez, iddisciplina) values ('Muy bien', 8.9, '644795910', 3, 3);
insert into Calificacion (comentario, calificacion, idcompetidor, idjuez, iddisciplina) values ('Falta trabajar más', 5.8, '739435910', 4, 4);
insert into Calificacion (comentario, calificacion, idcompetidor, idjuez, iddisciplina) values ('Falta trabajar más', 5.8, '337648910', 5, 5);
insert into Calificacion (comentario, calificacion, idcompetidor, idjuez, iddisciplina) values ('Gran logro', 9.6, '174534917', 6, 6);
insert into Calificacion (comentario, calificacion, idcompetidor, idjuez, iddisciplina) values ('Buen trabajo', 9.1, '821757410', 7, 7);
insert into Calificacion (comentario, calificacion, idcompetidor, idjuez, iddisciplina) values ('Buen desempeño', 8.0, '489289140', 8, 8);
insert into Calificacion (comentario, calificacion, idcompetidor, idjuez, iddisciplina) values ('Felicidades', 9.8, '783428104', 9, 9);
insert into Calificacion (comentario, calificacion, idcompetidor, idjuez, iddisciplina) values ('Buen trabajo', 9.1, '555389140', 10, 10);

insert into Calificacion (comentario, calificacion, idcompetidor, idjuez, iddisciplina) values ('Bien hecho', 9.6, '464137910', 11, 1);
insert into Calificacion (comentario, calificacion, idcompetidor, idjuez, iddisciplina) values ('Felicidades', 10.0, '943325910', 12, 2);
insert into Calificacion (comentario, calificacion, idcompetidor, idjuez, iddisciplina) values ('Muy bien', 8.9, '644795910', 13, 3);
insert into Calificacion (comentario, calificacion, idcompetidor, idjuez, iddisciplina) values ('Falta trabajar más', 6.8, '739435910', 14, 4);
insert into Calificacion (comentario, calificacion, idcompetidor, idjuez, iddisciplina) values ('Falta trabajar más', 7.8, '337648910', 15, 5);
insert into Calificacion (comentario, calificacion, idcompetidor, idjuez, iddisciplina) values ('Gran logro', 9.0, '174534917', 16, 6);
insert into Calificacion (comentario, calificacion, idcompetidor, idjuez, iddisciplina) values ('Buen trabajo', 8.1, '821757410', 17, 7);
insert into Calificacion (comentario, calificacion, idcompetidor, idjuez, iddisciplina) values ('Buen desempeño', 8.5, '489289140', 18, 8);
insert into Calificacion (comentario, calificacion, idcompetidor, idjuez, iddisciplina) values ('Felicidades', 10.0, '783428104', 19, 9);
insert into Calificacion (comentario, calificacion, idcompetidor, idjuez, iddisciplina) values ('Buen trabajo', 8.7, '555389140', 20, 10);

insert into Calificacion (comentario, calificacion, idcompetidor, idjuez, iddisciplina) values ('Bien hecho', 8.1, '464137910', 21, 1);
insert into Calificacion (comentario, calificacion, idcompetidor, idjuez, iddisciplina) values ('Felicidades', 9.8, '943325910', 22, 2);
insert into Calificacion (comentario, calificacion, idcompetidor, idjuez, iddisciplina) values ('Muy bien', 9.9, '644795910', 23, 3);
insert into Calificacion (comentario, calificacion, idcompetidor, idjuez, iddisciplina) values ('Falta trabajar más', 6.8, '739435910', 24, 4);
insert into Calificacion (comentario, calificacion, idcompetidor, idjuez, iddisciplina) values ('Falta trabajar más', 6.8, '337648910', 25, 5);
insert into Calificacion (comentario, calificacion, idcompetidor, idjuez, iddisciplina) values ('Gran logro', 8.6, '174534917', 26, 6);
insert into Calificacion (comentario, calificacion, idcompetidor, idjuez, iddisciplina) values ('Buen trabajo', 9.3, '821757410', 27, 7);
insert into Calificacion (comentario, calificacion, idcompetidor, idjuez, iddisciplina) values ('Buen desempeño', 9.0, '489289140', 28, 8);
insert into Calificacion (comentario, calificacion, idcompetidor, idjuez, iddisciplina) values ('Felicidades', 9.4, '783428104', 29, 9);
